name,userid,roleid
PersonName,1445435806725570635,1492929434007769118
PersonName,271506730024697857,1492929516564250674
PersonName,1161687672444682292,1492929434007769118
PersonName,1118666869767942217,1492929286716260432
PersonName,1343318194886283325,1492929455608299521
PersonName,1461417922298642487,1492929770474832013
PersonName,823762278075465758,1492929434007769118
PersonName,865713609501573151,1492929434007769118
PersonName,995620810104508567,1492929228524490904
PersonName,1312973303199170570,1492929790867669134
PersonName,668085414992674816,1492929228524490904
PersonName,619989963362009109,1492929516564250674
PersonName,491358827833458688,1492929228524490904
PersonName,781517413422334023,1492929228524490904
PersonName,935638731556270180,1492929286716260432
PersonName,713871790501265409,1492929228524490904
PersonName,995650106609123399,1492929516564250674
PersonName,1094609292902027376,1492929483194499293
PersonName,1502366677285994670,1492929516564250674
PersonName,608647959122411540,1492929483194499293
PersonName,1243285773336318036,1492929434007769118
PersonName,763037978477985842,1492929739655086293
PersonName (Chara),1502334518881681521,1492929770474832013
PersonName,679700808266154038,1492929739655086293
PersonName,809852593853038592,1492929483194499293
PersonName,689519755245256852,1492929770474832013
PersonName,813090159331508305,1492929455608299521
PersonName,1076257390179135549,1492929455608299521
PersonName,509530177785692162,1492929455608299521
PersonName,1502416384934547577,1492929483194499293
PersonName,1011271166104702986,1492929739655086293
PersonName,669605521078091806,1492929739655086293
PersonName,690790125281476689,1492929455608299521
PersonName,689178740655259867,1492929483194499293
PersonName,631043886827044864,1492929228524490904
PersonName,1145059466052632646,1492929286716260432
PersonName,711139411361792090,1492929455608299521
PersonName,921784593835761734,1492929739655086293
PersonName,705901262209548288,1492929455608299521
PersonName,1506662502568824843,1492929286716260432
PersonName,1502966731566481408,1492929770474832013
PersonName,413424707929636864,1492929739655086293
PersonName,699592083052429324,1492929790867669134
PersonName,1219656976942760008,1492929483194499293
PersonName,567812459780636722,1492929770474832013
PersonName,1426273402020298865,1492929739655086293
PersonName,432628086203351041,1492929228524490904
PersonName,1502360192602472669,1492929516564250674
PersonName,1407068036837408860,1492929228524490904
PersonName,651105591749771303,1492929286716260432
PersonName,1473267897542643896,1492929434007769118
PersonName,535220977634770946,1492929434007769118
PersonName,298402534308184067,1492929286716260432
PersonName,1505490394048237678,1492929286716260432
PersonName,508961125405163521,1492929790867669134
PersonName,818415848804450315,1492929516564250674
PersonName,455404957990912010,1492929483194499293
PersonName,1298185364124471346,1492929770474832013
PersonName,1369776457877815326,1492929790867669134
PersonName,398402411464753162,1492929770474832013
PersonName,767132356376526878,1492929790867669134
PersonName,643412042761371651,1492929286716260432
PersonName,340528397618774017,1492929790867669134
PersonName,525484566652125195,1492929790867669134
PersonName,1502948956563443862,1492929739655086293
PersonName,723292397118947352,1492929516564250674
PersonName,1057082889935786064,1492929516564250674